learner,course,
574,190,
42,543,
248,128,
625,317,
137,91,
117,302,
977,163,
416,581,
276,572,
631,325,
112,62,
924,757,
620,51,
173,398,
685,163,
705,282,
62,196,
250,322,
271,86,
310,187,
696,435,
621,679,
523,444,
515,120,
168,382,
830,746,
620,373,
411,209,
67,38,
800,697,
513,429,
309,825,
790,726,
405,300,
539,740,
911,796,
586,556,
82,695,
966,17,
738,288,
449,758,
775,111,
597,445,
598,715,
125,709,
748,487,
190,239,
260,788,
276,250,
857,342,
600,644,
245,203,
209,126,
569,176,
813,774,
457,193,
424,214,
137,120,
254,218,
626,599,
310,427,
834,719,
815,597,
164,419,
672,232,
714,285,
272,665,
659,743,
226,152,
212,630,
779,791,
1,73,
737,410,
184,688,
260,142,
88,142,
756,256,
676,667,
444,12,
794,321,
13,778,
923,84,
632,113,
88,536,
186,754,
705,601,
36,120,
100,583,
236,222,
723,719,
127,753,
94,228,
669,302,
437,148,
883,528,
895,44,
267,210,
127,485,
712,46,
580,13,
617,533,
94,384,
247,90,
129,513,
494,402,
980,359,
954,249,
971,40,
399,30,
770,669,
842,170,
323,589,
966,403,
310,444,
775,500,
857,319,
772,29,
801,747,
263,605,
751,9,
780,196,
583,458,
536,149,
278,16,
581,320,
419,851,
822,20,
776,98,
170,789,
168,403,
256,438,
953,1,
539,757,
286,445,
21,826,
344,318,
17,683,
2,562,
401,554,
746,14,
46,10,
142,26,
669,230,
709,683,
777,23,
25,456,
531,98,
204,348,
817,512,
403,567,
103,260,
606,305,
942,249,
793,148,
190,849,
212,628,
71,502,
965,248,
464,224,
657,844,
352,391,
917,489,
720,516,
471,566,
469,435,
535,184,
206,326,
793,797,
417,763,
166,371,
299,316,
838,772,
151,843,
947,616,
122,340,
628,62,
77,708,
437,249,
417,159,
541,813,
522,816,
363,762,
103,626,
557,583,
760,700,
846,708,
921,771,
861,40,
910,312,
785,556,
646,456,
447,820,
460,27,
589,687,
113,265,
33,146,
55,527,
670,262,
254,588,
130,846,
345,576,
312,131,
709,688,
116,487,
29,316,
614,211,
53,124,
244,51,
330,197,
130,688,
703,494,
463,237,
934,563,
816,596,
765,856,
744,669,
573,472,
921,92,
842,671,
460,681,
577,6,
626,467,
620,233,
720,816,
407,209,
284,341,
37,573,
155,17,
346,347,
670,56,
858,211,
265,632,
82,222,
803,639,
515,334,
427,581,
392,608,
799,118,
718,118,
702,393,
832,728,
299,383,
417,234,
698,855,
677,467,
766,512,
787,324,
404,578,
711,799,
548,645,
669,372,
594,739,
346,807,
15,236,
628,238,
685,486,
979,588,
862,45,
503,161,
643,268,
13,823,
393,462,
559,277,
505,124,
354,264,
58,509,
200,328,
135,710,
573,537,
460,190,
286,476,
680,368,
471,303,
982,843,
20,563,
162,79,
383,568,
14,15,
107,130,
204,738,
808,183,
463,586,
147,722,
398,362,
647,165,
826,584,
694,293,
621,129,
49,781,
902,489,
774,750,
735,762,
701,451,
572,772,
10,474,
666,609,
961,504,
73,538,
947,29,
233,211,
747,693,
163,249,
185,768,
517,342,
270,572,
251,813,
446,349,
87,176,
629,818,
553,837,
221,185,
478,98,
37,306,
361,437,
140,764,
762,429,
951,499,
168,126,
743,594,
953,420,
116,480,
553,424,
782,494,
501,597,
237,351,
580,39,
794,70,
728,812,
85,785,
125,714,
556,71,
214,493,
288,68,
713,363,
34,248,
615,753,
90,181,
898,842,
112,203,
724,265,
165,150,
567,588,
480,544,
969,713,
398,770,
43,138,
278,67,
790,368,
328,379,
358,63,
101,440,
286,1,
504,693,
773,782,
534,676,
792,771,
339,310,
363,201,
402,642,
694,769,
11,635,
766,392,
22,497,
755,129,
488,227,
722,3,
400,174,
590,690,
701,456,
647,605,
56,164,
304,776,
49,258,
457,132,
406,378,
584,389,
511,370,
552,460,
411,234,
424,146,
32,540,
75,381,
830,657,
176,168,
463,682,
128,645,
396,721,
902,763,
417,0,
432,52,
281,856,
402,700,
720,570,
817,830,
293,645,
932,126,
84,500,
64,507,
668,195,
365,677,
980,147,
436,825,
411,147,
484,451,
865,516,
38,354,
371,241,
106,552,
840,15,
965,156,
439,116,
105,435,
798,737,
847,805,
662,824,
756,222,
194,849,
601,336,
474,107,
175,735,
339,527,
841,526,
722,355,
222,567,
828,847,
972,814,
980,435,
554,653,
957,398,
932,512,
410,342,
214,566,
331,168,
149,592,
745,167,
107,181,
111,559,
360,554,
96,202,
407,98,
96,701,
643,738,
504,599,
384,485,
210,135,
549,614,
818,392,
759,243,
959,148,
923,664,
865,285,
412,623,
432,583,
634,525,
767,216,
702,780,
16,237,
673,107,
562,107,
724,478,
325,217,
144,504,
930,770,
38,632,
722,785,
662,120,
174,99,
951,665,
785,550,
916,367,
612,679,
636,620,
386,121,
821,813,
41,545,
896,852,
825,755,
650,457,
814,118,
799,579,
496,442,
745,371,
131,163,
204,301,
65,244,
253,13,
88,277,
9,95,
237,85,
662,12,
800,783,
377,615,
363,591,
528,485,
94,754,
199,4,
148,327,
327,662,
879,749,
718,704,
392,435,
928,155,
311,511,
451,538,
252,563,
469,608,
755,81,
198,92,
328,822,
294,716,
506,166,
900,36,
52,478,
388,3,
578,478,
807,50,
81,247,
535,350,
311,744,
651,516,
776,168,
666,279,
649,390,
795,587,
519,715,
74,437,
169,653,
291,542,
840,391,
878,317,
74,816,
503,100,
930,707,
918,846,
875,830,
969,112,
628,807,
896,177,
80,149,
773,831,
590,765,
33,788,
113,779,
963,825,
828,8,
180,453,
457,758,
748,774,
954,687,
691,352,
766,62,
822,453,
204,369,
799,479,
575,848,
490,710,
41,522,
774,464,
218,516,
542,762,
555,568,
584,822,
821,562,
310,463,
29,555,
901,833,
212,520,
181,321,
826,268,
55,349,
964,619,
141,658,
469,583,
99,748,
634,837,
165,604,
388,271,
590,531,
565,520,
80,798,
565,3,
556,189,
251,257,
344,466,
434,205,
671,822,
470,774,
294,634,
392,428,
755,786,
960,152,
639,751,
311,246,
929,812,
653,261,
154,396,
178,677,
836,146,
807,434,
194,738,
401,271,
575,822,
473,489,
237,781,
21,762,
332,589,
85,637,
466,838,
951,197,
466,538,
751,522,
58,456,
446,522,
531,450,
447,675,
677,722,
102,598,
516,382,
259,255,
311,379,
897,152,
73,795,
317,5,
192,329,
723,336,
304,29,
189,32,
220,856,
57,697,
792,468,
433,468,
809,75,
828,386,
79,771,
946,481,
645,284,
153,308,
862,759,
526,818,
834,770,
179,252,
286,801,
750,369,
209,259,
273,329,
877,750,
628,584,
838,572,
442,246,
552,555,
297,555,
100,562,
304,246,
864,550,
528,618,
844,724,
969,438,
509,347,
486,448,
843,529,
743,87,
787,830,
427,257,
435,89,
726,833,
416,136,
12,429,
184,585,
633,485,
864,825,
955,305,
88,595,
541,439,
488,484,
949,153,
699,133,
20,73,
265,704,
130,52,
938,665,
525,273,
679,248,
734,838,
773,319,
320,339,
420,777,
793,205,
274,765,
742,37,
707,330,
419,703,
124,205,
981,521,
309,715,
643,486,
846,576,
251,376,
952,854,
172,242,
696,46,
967,184,
372,761,
337,757,
91,100,
31,313,
387,272,
846,54,
6,688,
143,140,
502,798,
662,265,
472,749,
693,22,
158,672,
253,622,
305,123,
250,633,
326,482,
234,327,
632,588,
984,632,
805,839,
234,128,
511,781,
804,544,
711,204,
949,111,
56,641,
441,276,
428,586,
942,116,
899,463,
60,668,
272,626,
57,35,
255,357,
836,311,
67,802,
263,617,
721,66,
739,283,
474,701,
195,760,
412,758,
479,43,
110,3,
203,647,
772,285,
300,183,
365,660,
464,338,
850,808,
455,171,
6,641,
355,263,
438,726,
891,441,
762,659,
937,783,
453,6,
750,176,
470,699,
816,730,
436,759,
933,202,
423,562,
419,701,
208,644,
444,607,
514,267,
443,223,
514,3,
893,739,
946,608,
4,671,
947,716,
706,565,
95,482,
280,257,
489,306,
619,629,
376,599,
353,548,
958,172,
954,391,
569,194,
706,38,
952,151,
293,854,
487,662,
644,795,
234,429,
88,380,
243,724,
633,725,
857,482,
658,631,
459,236,
479,376,
873,64,
386,613,
114,282,
165,698,
520,465,
529,196,
420,753,
771,757,
275,629,
107,313,
957,183,
291,664,
31,197,
876,231,
861,833,
880,659,
526,491,
350,139,
618,271,
45,209,
21,486,
599,418,
521,444,
681,5,
133,563,
897,427,
217,725,
342,254,
621,833,
4,372,
788,609,
983,263,
898,621,
474,60,
518,425,
268,611,
156,306,
534,31,
564,692,
624,263,
794,601,
87,25,
548,42,
778,585,
797,408,
90,153,
386,117,
921,243,
766,842,
978,609,
761,471,
230,355,
519,629,
525,751,
932,523,
954,650,
872,50,
67,705,
584,412,
963,417,
247,600,
6,313,
453,561,
66,599,
317,692,
67,322,
611,117,
272,588,
783,623,
556,593,
235,241,
854,847,
63,77,
188,109,
341,476,
474,207,
693,325,
463,638,
782,24,
381,710,
902,820,
144,532,
954,102,
972,251,
835,825,
878,373,
895,360,
766,2,
507,759,
103,762,
891,339,
948,748,
240,693,
496,62,
750,368,
339,438,
803,759,
497,650,
763,555,
587,65,
68,96,
917,39,
511,479,
273,27,
290,851,
743,217,
729,62,
189,326,
378,36,
237,620,
365,606,
257,759,
722,41,
477,18,
344,136,
563,541,
442,13,
685,532,
867,447,
143,520,
47,471,
243,802,
744,372,
148,257,
172,200,
603,379,
904,528,
372,672,
556,654,
110,495,
687,415,
447,108,
701,146,
315,443,
618,834,
21,547,
899,669,
843,662,
666,579,
6,451,
650,548,
573,699,
891,803,
722,563,
886,231,
213,138,
629,486,
667,787,
657,387,
472,610,
627,235,
572,456,
803,506,
294,662,
308,659,
395,421,
262,753,
444,711,
761,832,
457,181,
236,641,
870,739,
610,658,
452,568,
865,225,
302,260,
32,685,
538,578,
930,652,
480,530,
676,822,
484,16,
657,619,
79,65,
79,409,
540,421,
921,392,
303,133,
752,778,
948,764,
235,374,
32,360,
880,142,
637,268,
320,665,
883,569,
346,812,
555,701,
106,132,
926,589,
519,145,
695,499,
661,436,
153,476,
919,444,
185,19,
94,593,
751,494,
952,353,
651,32,
853,277,
675,604,
176,88,
490,609,
501,768,
203,350,
29,761,
371,215,
713,800,
837,843,
1,254,
523,187,
869,612,
681,520,
485,780,
645,400,
875,727,
493,592,
244,440,
20,342,
546,821,
44,385,
933,793,
17,780,
907,43,
79,851,
42,110,
576,730,
34,11,
390,314,
763,182,
239,811,
687,94,
781,0,
84,295,
428,545,
533,500,
74,422,
13,243,
400,550,
560,586,
615,653,
319,686,
204,569,
212,137,
623,405,
701,70,
640,716,
528,147,
583,88,
485,683,
282,801,
196,43,
957,319,
416,848,
171,242,
725,235,
288,248,
646,333,
553,175,
185,525,
42,108,
273,169,
32,328,
685,253,
913,472,
457,522,
343,10,
929,88,
725,115,
885,642,
438,651,
58,424,
336,839,
683,43,
855,59,
176,24,
775,124,
466,86,
558,739,
794,660,
46,626,
158,852,
370,411,
959,661,
886,261,
274,353,
117,155,
521,59,
629,846,
95,342,
624,794,
320,61,
584,155,
898,224,
54,95,
693,734,
76,571,
334,460,
135,64,
874,581,
854,667,
86,54,
850,70,
146,253,
273,171,
346,33,
94,811,
700,693,
387,389,
840,575,
910,857,
264,704,
139,20,
909,330,
425,444,
889,595,
962,274,
188,309,
527,78,
568,21,
422,147,
966,745,
511,433,
633,793,
81,363,
209,30,
739,562,
16,184,
699,654,
468,130,
639,703,
233,536,
560,21,
946,286,
967,339,
540,572,
656,596,
984,543,
682,489,
546,732,
204,448,
346,256,
161,301,
971,656,
22,695,
647,443,
660,496,
661,11,
249,342,
190,393,
776,715,
588,554,
12,153,
825,57,
662,363,
625,788,
872,647,
142,808,
310,232,
321,262,
630,199,
709,318,
738,570,
327,408,
627,5,
543,388,
715,658,
206,576,
229,409,
533,849,
356,701,
626,421,
601,404,
934,161,
978,287,
187,700,
682,276,
71,850,
192,742,
227,175,
820,183,
756,614,
67,279,
756,195,
253,758,
717,456,
110,111,
523,512,
424,699,
230,725,
338,796,
124,606,
440,682,
714,316,
667,40,
586,285,
842,718,
831,294,
915,447,
44,351,
637,737,
832,187,
400,431,
181,226,
545,250,
75,196,
285,233,
281,92,
15,339,
920,295,
501,643,
531,315,
143,90,
472,326,
92,558,
851,204,
311,712,
380,761,
471,143,
648,93,
163,8,
21,359,
117,53,
112,826,
595,305,
245,767,
331,171,
794,428,
425,425,
944,740,
647,401,
218,189,
19,802,
772,37,
110,452,
269,589,
678,270,
956,106,
377,807,
946,724,
157,362,
439,36,
875,57,
567,494,
949,563,
226,736,
346,718,
598,141,
203,204,
922,107,
939,84,
843,336,
798,479,
672,4,
642,344,
941,229,
984,844,
578,667,
842,78,
54,739,
279,59,
39,477,
458,671,
559,231,
599,351,
83,78,
341,295,
636,270,
869,316,
168,261,
522,303,
439,589,
734,421,
71,507,
915,228,
481,373,
601,315,
167,274,
496,781,
925,165,
473,336,
767,63,
456,722,
493,121,
455,798,
528,61,
281,219,
14,545,
800,210,
173,691,
576,2,
864,314,
572,545,
426,376,
876,245,
556,170,
789,14,
754,601,
859,602,
551,799,
161,644,
982,853,
326,437,
537,689,
939,605,
329,849,
425,545,
454,304,
792,123,
235,238,
691,505,
547,708,
619,711,
872,645,
886,232,
212,427,
62,439,
518,723,
472,124,
540,257,
940,129,
706,79,
674,155,
16,386,
79,612,
824,476,
560,469,
658,172,
595,308,
829,268,
343,173,
440,8,
149,388,
304,73,
870,122,
939,31,
967,704,
149,321,
541,92,
71,829,
724,601,
493,524,
128,659,
965,281,
37,315,
12,300,
326,87,
589,757,
517,314,
407,466,
115,175,
625,374,
780,691,
391,439,
364,812,
652,478,
394,115,
294,806,
485,236,
669,775,
637,706,
846,80,
722,514,
235,335,
795,269,
287,625,
267,336,
727,39,
131,673,
801,633,
590,579,
316,63,
61,661,
508,610,
858,813,
128,280,
484,752,
479,782,
716,306,
616,457,
456,518,
610,415,
215,316,
784,236,
810,807,
302,12,
551,548,
779,95,
258,196,
953,331,
722,257,
302,332,
254,605,
177,642,
212,585,
864,27,
322,506,
236,427,
496,610,
693,71,
346,75,
864,105,
375,112,
511,145,
179,571,
99,52,
954,90,
686,254,
726,832,
491,214,
214,316,
959,734,
692,772,
113,259,
35,501,
427,494,
624,64,
616,835,
630,174,
751,23,
312,201,
623,619,
81,229,
27,737,
210,542,
210,111,
768,143,
938,199,
613,740,
568,824,
250,151,
141,591,
540,186,
853,287,
910,208,
655,455,
626,349,
857,647,
167,189,
173,8,
920,387,
916,821,
248,823,
497,402,
82,508,
676,397,
858,55,
360,832,
411,489,
617,343,
297,406,
422,733,
169,362,
896,51,
735,639,
573,842,
589,162,
829,382,
520,246,
399,499,
459,164,
94,710,
600,71,
463,153,
708,167,
979,144,
361,145,
319,442,
360,199,
129,353,
365,116,
514,80,
547,321,
357,225,
684,789,
837,555,
530,480,
693,230,
742,323,
872,691,
812,57,
685,801,
587,442,
771,113,
365,844,
803,326,
195,768,
734,364,
125,721,
11,416,
290,771,
536,476,
579,845,
658,241,
347,222,
462,286,
583,478,
490,640,
490,235,
779,45,
118,698,
344,441,
897,759,
956,61,
532,245,
400,760,
225,551,
415,632,
727,585,
592,730,
56,288,
482,238,
473,229,
863,155,
117,811,
866,769,
54,8,
867,549,
854,612,
53,51,
312,342,
962,364,
6,654,
744,4,
517,244,
138,73,
517,199,
149,313,
485,791,
312,847,
877,302,
207,109,
662,767,
633,50,
524,657,
16,555,
854,586,
334,802,
338,757,
631,519,
552,44,
954,426,
489,800,
90,547,
585,635,
586,515,
502,443,
792,297,
811,339,
614,796,
396,659,
302,342,
66,21,
456,423,
759,584,
266,813,
837,87,
424,480,
331,777,
582,498,
875,540,
607,462,
423,113,
550,470,
504,484,
865,42,
301,833,
344,607,
151,135,
221,738,
736,171,
720,595,
260,471,
599,215,
517,400,
326,491,
129,344,
723,341,
72,645,
940,257,
538,564,
969,160,
487,316,
873,88,
957,326,
558,536,
840,285,
779,616,
626,745,
815,447,
19,710,
77,401,
461,158,
369,453,
737,40,
758,639,
544,388,
70,793,
16,20,
33,656,
564,368,
397,498,
25,150,
740,145,
113,205,
765,712,
508,552,
97,709,
534,748,
637,40,
830,362,
539,807,
465,169,
61,738,
264,337,
326,760,
118,510,
818,80,
502,562,
742,237,
412,518,
437,562,
177,659,
726,743,
523,441,
482,477,
876,690,
946,201,
387,662,
549,804,
576,568,
918,11,
668,180,
308,28,
8,507,
884,618,
466,747,
976,308,
138,42,
92,519,
246,440,
584,103,
121,114,
756,806,
963,703,
391,619,
250,129,
124,47,
921,290,
670,28,
963,645,
23,703,
708,499,
931,425,
189,527,
940,551,
500,558,
39,134,
857,176,
399,67,
976,53,
474,408,
232,233,
545,107,
923,98,
650,856,
743,65,
377,799,
194,285,
870,282,
520,438,
809,376,
815,387,
683,383,
862,399,
205,414,
715,512,
175,731,
106,278,
456,49,
504,218,
129,532,
908,621,
312,423,
802,366,
929,616,
521,849,
542,682,
210,598,
975,110,
581,70,
457,321,
519,57,
804,755,
695,12,
555,444,
306,797,
400,273,
132,671,
460,739,
628,550,
205,308,
899,643,
897,788,
357,657,
445,548,
699,8,
132,344,
619,703,
377,213,
572,251,
61,608,
29,276,
561,469,
575,848,
365,709,
553,184,
258,717,
232,443,
586,261,
5,402,
849,467,
787,400,
942,399,
424,655,
854,171,
209,311,
137,9,
690,409,
316,763,
166,485,
192,145,
278,374,
638,788,
611,131,
288,448,
730,675,
714,485,
168,657,
925,266,
101,736,
862,98,
421,536,
162,454,
483,832,
893,64,
865,614,
98,311,
91,572,
89,371,
670,327,
625,494,
555,3,
484,59,
374,478,
686,351,
879,411,
348,15,
102,261,
714,67,
693,493,
632,841,
695,393,
712,239,
199,641,
634,690,
48,224,
11,193,
667,145,
51,289,
82,818,
535,446,
756,366,
277,410,
219,489,
519,817,
694,250,
113,313,
636,680,
125,306,
701,568,
66,428,
474,31,
695,328,
80,625,
353,227,
206,542,
509,493,
716,450,
811,501,
435,85,
736,723,
361,517,
246,783,
859,650,
257,830,
85,509,
511,666,
643,156,
299,654,
626,644,
901,32,
442,68,
925,129,
211,749,
47,366,
316,466,
710,651,
920,493,
147,800,
415,600,
353,177,
788,148,
847,567,
489,609,
391,721,
404,230,
970,208,
359,634,
118,331,
712,222,
430,818,
74,309,
470,227,
139,507,
901,745,
818,498,
178,817,
20,756,
602,187,
376,700,
575,326,
309,617,
731,264,
85,340,
960,572,
385,675,
548,829,
138,384,
940,252,
759,721,
463,403,
253,340,
970,164,
52,694,
431,44,
969,854,
277,699,
233,137,
796,121,
339,561,
968,552,
927,686,
215,555,
819,457,
392,180,
474,435,
866,13,
662,257,
418,513,
664,376,
456,66,
64,185,
919,416,
123,127,
633,631,
200,541,
926,384,
114,829,
212,456,
95,439,
317,10,
364,389,
874,781,
424,723,
844,39,
241,713,
197,255,
872,291,
55,564,
621,342,
468,376,
448,377,
846,162,
84,854,
796,553,
331,117,
714,98,
963,683,
86,712,
279,601,
533,722,
136,268,
201,796,
716,308,
36,24,
479,564,
540,538,
501,456,
701,438,
208,354,
296,51,
366,425,
936,790,
37,387,
415,153,
248,601,
99,264,
696,311,
819,588,
250,547,
359,624,
411,231,
599,742,
123,519,
938,467,
465,337,
11,232,
705,85,
54,609,
674,414,
286,409,
845,735,
406,441,
384,570,
562,698,
756,549,
954,167,
350,529,
468,501,
981,152,
764,115,
641,148,
203,504,
420,622,
448,814,
415,479,
923,426,
104,538,
880,369,
283,31,
905,647,
792,154,
500,331,
487,495,
273,539,
450,787,
20,267,
33,672,
344,200,
55,513,
16,144,
921,484,
91,704,
643,7,
105,274,
610,617,
324,96,
662,708,
518,543,
583,178,
617,558,
663,618,
56,625,
905,33,
402,551,
450,619,
405,419,
760,410,
762,647,
193,681,
266,279,
898,301,
714,496,
963,106,
792,108,
318,557,
260,850,
14,580,
834,440,
673,845,
289,224,
885,679,
298,147,
192,223,
268,128,
846,29,
334,630,
139,761,
702,656,
261,477,
259,413,
755,822,
216,223,
613,199,
887,470,
571,809,
359,131,
172,704,
19,535,
576,325,
256,63,
477,703,
745,791,
510,10,
315,149,
672,800,
146,298,
969,632,
649,307,
920,442,
100,355,
886,582,
487,344,
618,27,
427,681,
602,487,
408,640,
861,305,
905,94,
58,362,
423,120,
618,856,
445,300,
567,624,
91,844,
137,661,
813,387,
766,337,
758,311,
790,314,
680,83,
520,358,
136,461,
81,47,
475,802,
788,59,
822,687,
484,697,
871,223,
8,308,
342,93,
514,7,
675,396,
455,638,
447,196,
495,353,
499,277,
493,835,
823,620,
420,724,
815,487,
597,723,
617,670,
914,547,
883,517,
127,335,
7,250,
944,625,
706,17,
898,127,
760,234,
802,440,
33,242,
864,340,
295,176,
327,454,
364,723,
890,588,
179,780,
266,260,
440,700,
451,737,
273,841,
142,208,
198,585,
173,341,
696,393,
375,506,
98,441,
354,203,
392,211,
53,165,
915,590,
142,229,
4,658,
793,18,
555,423,
764,188,
98,748,
640,485,
44,100,
842,183,
724,2,
130,406,
851,422,
760,204,
272,235,
410,12,
493,322,
224,604,
983,418,
752,415,
528,605,
3,295,
246,237,
237,98,
395,208,
794,442,
761,437,
255,471,
598,339,
729,268,
629,746,
470,626,
472,232,
174,85,
715,330,
631,568,
158,567,
555,237,
967,214,
287,291,
784,6,
885,136,
0,394,
812,273,
75,327,
266,804,
13,44,
491,82,
665,659,
931,528,
906,501,
836,53,
950,568,
116,381,
892,597,
367,788,
465,38,
464,322,
466,49,
786,433,
390,788,
495,310,
24,820,
355,473,
293,301,
572,422,
867,196,
732,620,
554,166,
493,290,
150,482,
1,672,
345,851,
168,834,
953,222,
95,519,
256,619,
574,536,
564,16,
68,724,
866,373,
368,247,
208,410,
356,484,
37,8,
386,155,
974,565,
214,565,
311,72,
681,797,
593,129,
553,525,
541,637,
684,193,
223,152,
292,108,
780,235,
882,830,
534,702,
899,724,
359,302,
146,799,
662,808,
685,747,
893,500,
407,676,
983,206,
508,179,
37,849,
29,212,
643,527,
29,158,
387,181,
777,551,
688,830,
365,789,
28,351,
688,449,
621,152,
881,359,
436,762,
254,737,
969,18,
393,86,
910,743,
797,508,
875,250,
535,304,
896,118,
521,87,
879,248,
462,320,
192,177,
579,157,
612,838,
765,722,
966,474,
46,506,
299,202,
481,106,
834,339,
519,759,
767,519,
454,466,
945,832,
288,169,
269,819,
575,30,
893,117,
302,345,
844,742,
302,278,
828,606,
943,13,
953,658,
536,589,
116,118,
104,817,
262,407,
535,628,
55,649,
731,22,
62,839,
737,431,
812,128,
779,349,
943,34,
713,806,
640,547,
586,381,
636,94,
38,27,
8,845,
504,410,
374,839,
41,180,
967,585,
971,741,
164,671,
553,512,
958,94,
790,743,
689,17,
432,599,
892,41,
501,583,
825,45,
47,708,
641,159,
401,371,
838,214,
759,372,
793,192,
197,357,
983,80,
493,685,
99,136,
173,741,
461,217,
548,669,
538,406,
378,366,
651,29,
114,658,
124,119,
308,795,
940,603,
212,787,
486,335,
960,745,
805,142,
753,130,
35,493,
614,709,
648,474,
319,38,
650,647,
476,738,
892,459,
441,106,
624,445,
792,62,
957,406,
606,724,
410,134,
664,660,
358,662,
516,624,
641,404,
947,303,
937,454,
654,787,
425,830,
220,323,
900,191,
513,761,
304,363,
897,510,
577,143,
218,644,
906,324,
543,814,
901,244,
815,15,
19,176,
582,441,
458,129,
602,73,
876,382,
316,250,
315,86,
39,184,
227,623,
588,540,
391,703,
9,431,
222,715,
487,479,
718,479,
869,687,
915,132,
821,548,
902,262,
277,286,
676,461,
260,229,
6,691,
764,245,
708,233,
35,331,
582,667,
454,427,
821,97,
531,833,
41,293,
819,269,
9,664,
258,617,
27,761,
867,429,
583,311,
684,542,
685,35,
613,7,
573,343,
315,284,
19,312,
584,73,
401,77,
825,592,
878,435,
40,58,
490,249,
641,400,
628,785,
895,129,
484,396,
609,309,
638,178,
565,182,
449,759,
740,531,
538,330,
433,599,
260,767,
42,816,
315,829,
124,664,
377,468,
180,187,
34,602,
387,334,
71,351,
876,256,
434,531,
270,568,
344,388,
837,150,
708,386,
603,291,
499,268,
119,22,
82,266,
407,262,
851,810,
423,222,
76,272,
106,675,
385,726,
784,39,
49,371,
976,70,
253,835,
879,369,
73,338,
555,541,
523,823,
325,40,
579,744,
778,412,
925,392,
327,785,
779,552,
920,278,
203,566,
330,260,
683,532,
613,174,
421,270,
452,225,
909,330,
816,406,
970,575,
465,225,
238,230,
444,759,
886,109,
750,718,
389,576,
528,413,
120,246,
890,341,
376,328,
637,522,
593,27,
60,201,
849,18,
549,128,
9,40,
266,259,
458,661,
826,612,
238,722,
582,410,
298,113,
870,529,
673,42,
485,511,
96,124,
182,682,
751,663,
866,283,
612,257,
63,24,
799,736,
352,334,
82,358,
782,303,
585,72,
407,674,
726,771,
252,144,
470,326,
878,255,
910,454,
408,572,
933,781,
729,793,
740,676,
767,690,
710,128,
419,844,
252,31,
335,122,
489,229,
120,676,
408,533,
276,354,
327,559,
150,327,
736,22,
745,211,
468,369,
710,143,
327,282,
553,781,
561,739,
341,465,
41,345,
724,837,
856,825,
59,100,
374,44,
768,379,
387,432,
728,715,
398,525,
238,281,
885,255,
243,159,
166,223,
218,101,
139,94,
682,403,
168,122,
481,754,
224,540,
661,14,
176,822,
640,783,
962,477,
735,604,
730,7,
53,116,
952,752,
39,104,
22,506,
254,722,
176,530,
195,120,
526,795,
531,344,
940,513,
910,60,
385,706,
332,710,
537,625,
497,379,
271,229,
233,836,
976,201,
633,746,
101,393,
942,705,
470,814,
684,828,
802,449,
422,824,
154,768,
35,157,
112,598,
679,566,
253,581,
647,582,
951,59,
456,750,
369,693,
913,555,
416,743,
296,461,
97,61,
210,273,
383,2,
459,764,
575,763,
648,107,
642,575,
422,400,
320,39,
664,351,
398,209,
280,482,
296,835,
604,152,
23,509,
685,64,
253,130,
848,333,
426,426,
192,247,
569,383,
396,91,
109,482,
495,590,
894,162,
677,611,
666,287,
963,584,
324,208,
756,320,
641,557,
492,800,
675,272,
595,106,
814,24,
615,156,
972,639,
547,785,
314,770,
774,335,
408,440,
329,234,
292,331,
678,62,
968,174,
587,175,
162,31,
470,312,
967,189,
434,179,
277,203,
526,359,
594,377,
558,207,
440,451,
253,563,
833,430,
47,117,
66,33,
835,697,
859,75,
360,456,
969,138,
534,755,
502,817,
914,337,
314,134,
152,132,
779,459,
690,297,
558,652,
225,378,
380,489,
433,411,
387,281,
564,292,
475,664,
117,170,
258,703,
813,809,
348,203,
755,713,
492,304,
389,149,
566,842,
542,766,
783,28,
855,316,
454,510,
633,386,
272,679,
232,23,
605,587,
776,395,
334,665,
192,161,
826,852,
929,137,
435,133,
376,585,
520,520,
408,661,
217,579,
414,639,
222,732,
523,553,
550,168,
765,219,
970,721,
759,728,
699,586,
491,2,
35,67,
487,844,
373,755,
667,538,
399,330,
786,177,
62,108,
634,92,
244,854,
58,124,
975,843,
409,159,
706,107,
298,741,
484,456,
52,475,
655,6,
844,187,
349,724,
201,301,
410,228,
629,326,
291,389,
937,328,
12,635,
187,811,
223,593,
469,356,
165,306,
526,514,
493,214,
565,370,
101,331,
88,601,
626,53,
197,249,
557,505,
204,562,
161,115,
673,662,
736,453,
371,797,
970,13,
982,184,
836,5,
767,703,
42,55,
447,144,
827,828,
518,73,
165,776,
561,355,
540,800,
385,662,
496,363,
138,103,
562,458,
116,640,
237,156,
246,27,
526,507,
206,205,
692,97,
659,286,
373,460,
49,226,
850,706,
586,296,
440,593,
543,686,
980,485,
631,59,
149,346,
562,823,
875,40,
530,219,
371,251,
969,460,
870,487,
898,684,
514,834,
206,854,
675,649,
125,759,
958,528,
512,396,
77,850,
858,528,
473,90,
702,257,
149,676,
15,216,
285,545,
86,449,
175,195,
901,749,
417,225,
528,637,
504,509,
252,166,
210,149,
68,470,
745,64,
42,640,
862,530,
754,264,
511,799,
437,167,
276,234,
785,385,
9,57,
691,687,
365,71,
856,805,
927,260,
548,515,
711,10,
648,582,
873,811,
193,681,
971,794,
244,235,
347,428,
501,699,
77,795,
161,541,
275,670,
478,671,
325,541,
882,244,
751,786,
800,385,
131,532,
920,350,
627,325,
85,255,
287,698,
794,426,
21,49,
379,708,
229,808,
237,562,
294,35,
672,787,
110,451,
764,643,
514,225,
509,582,
644,342,
697,42,
212,464,
845,695,
304,152,
490,550,
876,491,
191,766,
840,176,
494,36,
886,194,
604,357,
242,197,
544,249,
461,412,
113,129,
863,739,
189,344,
386,540,
453,388,
939,677,
152,2,
879,79,
138,247,
409,122,
965,529,
323,578,
692,211,
504,79,
779,658,
575,144,
55,364,
199,379,
493,5,
901,173,
312,460,
980,398,
684,848,
66,2,
556,446,
876,625,
746,574,
702,174,
759,480,
187,352,
486,683,
7,346,
958,68,
152,712,
619,753,
742,367,
207,589,
782,59,
646,13,
866,626,
44,332,
395,261,
494,256,
709,369,
734,610,
101,726,
83,22,
793,747,
179,788,
550,414,
513,64,
661,574,
264,152,
40,265,
846,49,
337,111,
697,721,
639,692,
468,657,
423,714,
905,444,
757,617,
889,542,
612,541,
380,392,
811,536,
205,316,
746,755,
286,113,
614,790,
927,758,
936,511,
594,571,
165,836,
974,191,
847,611,
438,150,
469,91,
334,73,
844,776,
40,591,
458,570,
292,421,
663,592,
10,559,
839,440,
606,722,
569,612,
290,577,
545,728,
614,114,
417,414,
801,28,
458,591,
704,730,
502,338,
518,77,
951,77,
921,540,
644,61,
108,323,
204,814,
101,670,
611,387,
101,230,
467,513,
953,142,
7,659,
811,253,
886,372,
892,513,
970,827,
189,433,
706,373,
431,31,
363,325,
73,160,
539,856,
212,427,
296,855,
43,654,
22,712,
654,463,
535,704,
726,590,
535,531,
861,51,
875,489,
425,368,
976,71,
780,349,
245,472,
637,745,
521,529,
65,424,
334,610,
811,79,
678,415,
261,216,
123,715,
82,786,
322,343,
609,98,
11,11,
346,432,
623,65,
593,547,
620,138,
251,787,
307,812,
923,294,
683,86,
574,424,
324,334,
89,799,
27,717,
286,34,
571,744,
686,666,
890,401,
904,446,
606,482,
915,820,
292,299,
551,15,
50,739,
679,747,
881,22,
365,541,
240,478,
296,692,
163,544,
431,242,
691,475,
756,675,
352,166,
866,811,
383,452,
690,584,
598,810,
300,234,
833,442,
192,829,
765,295,
631,336,
490,107,
84,75,
651,653,
181,24,
103,219,
3,436,
970,84,
693,852,
177,693,
146,310,
596,402,
827,835,
697,129,
557,566,
390,837,
950,669,
689,277,
836,455,
847,547,
259,604,
158,589,
106,288,
267,590,
151,300,
474,147,
36,402,
579,487,
93,38,
948,439,
893,716,
225,677,
701,826,
529,403,
583,55,
836,187,
464,485,
132,602,
772,563,
679,7,
612,463,
30,500,
842,461,
533,687,
574,814,
395,56,
20,220,
67,852,
367,4,
584,29,
430,106,
358,852,
169,371,
478,709,
724,447,
343,141,
411,533,
753,802,
59,138,
317,523,
505,497,
589,452,
247,673,
938,697,
306,633,
931,832,
707,69,
165,222,
820,42,
334,117,
722,460,
536,530,
734,737,
171,563,
818,221,
149,403,
803,829,
61,831,
341,651,
146,838,
397,777,
836,453,
812,502,
213,233,
515,159,
918,586,
961,245,
6,757,
367,805,
65,58,
323,24,
823,638,
651,405,
717,726,
62,663,
297,562,
558,406,
859,541,
916,172,
115,187,
651,762,
439,361,
605,368,
12,730,
708,189,
933,88,
290,427,
640,337,
481,595,
543,337,
532,774,
533,749,
973,304,
720,191,
191,145,
866,758,
167,737,
797,764,
840,606,
239,720,
230,785,
658,410,
365,243,
163,272,
236,140,
311,515,
430,424,
896,323,
57,614,
306,170,
929,783,
449,619,
604,354,
942,239,
362,24,
827,567,
275,600,
561,821,
109,635,
587,113,
168,717,
940,791,
322,420,
703,150,
316,195,
1,77,
934,395,
693,623,
545,192,
817,397,
503,18,
715,373,
188,243,
104,391,
812,383,
639,227,
852,54,
897,778,
837,173,
573,244,
766,296,
345,514,
883,397,
676,580,
840,371,
210,53,
464,204,
664,557,
147,531,
205,334,
486,800,
278,422,
710,567,
641,429,
565,248,
640,295,
799,576,
861,378,
254,482,
569,575,
28,313,
518,447,
321,595,
365,300,
961,232,
88,73,
405,225,
468,270,
348,360,
922,148,
304,670,
482,658,
16,585,
294,451,
476,673,
509,483,
148,303,
794,27,
269,62,
451,802,
382,352,
48,513,
217,272,
114,629,
505,87,
457,125,
454,358,
398,111,
234,320,
803,428,
177,670,
231,498,
494,372,
707,456,
684,835,
118,735,
818,343,
863,383,
111,265,
739,531,
503,830,
665,366,
512,290,
416,0,
571,823,
655,636,
695,455,
500,776,
311,455,
665,71,
767,317,
533,204,
478,333,
733,391,
464,187,
79,343,
154,462,
623,167,
504,691,
788,690,
338,512,
715,570,
498,397,
333,223,
101,53,
439,297,
788,102,
535,689,
168,816,
497,228,
747,190,
760,339,
143,229,
762,616,
150,648,
185,686,
158,786,
636,249,
105,58,
35,13,
237,227,
806,276,
753,510,
548,13,
880,28,
739,426,
827,291,
661,497,
399,619,
303,611,
562,317,
836,146,
974,799,
719,609,
161,662,
828,825,
671,171,
67,279,
45,542,
546,163,
318,184,
590,704,
622,229,
578,712,
374,108,
693,842,
169,571,
13,519,
519,454,
841,12,
760,698,
51,559,
369,516,
102,521,
26,822,
755,356,
791,768,
516,825,
252,346,
421,678,
668,416,
355,548,
249,357,
156,764,
798,378,
411,185,
504,753,
115,506,
207,228,
585,707,
403,383,
242,226,
724,418,
314,58,
923,410,
182,804,
688,526,
16,173,
767,109,
507,68,
257,309,
17,462,
227,768,
839,516,
660,189,
786,818,
240,812,
478,637,
53,295,
255,146,
16,337,
489,11,
539,172,
437,796,
477,658,
831,117,
272,350,
700,840,
306,377,
775,791,
448,596,
318,835,
773,694,
54,770,
141,445,
666,589,
389,215,
963,324,
740,405,
32,308,
488,346,
559,478,
933,740,
541,289,
746,436,
866,78,
109,638,
440,35,
234,33,
734,632,
698,659,
122,618,
774,85,
233,475,
467,747,
672,524,
12,307,
421,373,
506,50,
940,483,
781,772,
148,670,
504,286,
64,368,
495,77,
813,472,
780,220,
591,221,
6,842,
522,701,
612,462,
670,450,
779,429,
512,62,
544,771,
417,183,
649,282,
3,777,
176,278,
594,366,
348,428,
416,51,
482,603,
388,33,
591,792,
962,490,
17,514,
902,20,
193,275,
366,14,
97,484,
269,22,
161,83,
284,662,
363,560,
265,652,
790,475,
505,448,
14,581,
355,330,
321,631,
850,705,
18,170,
155,394,
965,310,
93,118,
723,260,
480,13,
700,174,
187,593,
540,645,
908,678,
271,584,
198,478,
904,125,
641,114,
431,71,
727,156,
172,238,
876,587,
99,462,
118,595,
356,848,
382,473,
289,346,
444,5,
776,765,
205,845,
389,822,
156,42,
172,352,
242,421,
171,634,
182,358,
405,552,
279,800,
790,460,
413,290,
982,644,
55,520,
95,96,
165,305,
417,785,
727,729,
370,191,
931,680,
912,677,
576,271,
846,225,
920,758,
639,501,
342,61,
3,521,
499,170,
412,39,
138,31,
936,281,
932,819,
157,169,
980,240,
251,672,
56,402,
57,708,
64,337,
129,23,
594,161,
752,667,
745,360,
884,646,
700,705,
597,38,
255,291,
579,774,
24,308,
503,849,
272,844,
864,597,
248,769,
448,225,
83,678,
687,779,
951,42,
883,653,
108,641,
616,652,
144,153,
689,675,
755,696,
410,793,
875,561,
287,597,
149,323,
288,627,
494,178,
461,823,
748,605,
646,550,
407,530,
813,418,
224,248,
365,800,
695,68,
408,371,
361,790,
61,465,
127,714,
262,142,
658,431,
902,144,
633,198,
118,19,
140,273,
309,797,
424,211,
200,739,
533,487,
463,215,
896,318,
666,604,
182,708,
180,106,
276,186,
302,292,
628,69,
213,190,
362,386,
433,791,
571,180,
109,31,
982,521,
604,790,
565,11,
327,781,
544,167,
617,544,
64,749,
638,155,
649,563,
513,107,
199,726,
245,452,
498,549,
936,485,
44,457,
642,280,
132,359,
70,681,
67,365,
137,828,
812,246,
471,243,
571,47,
420,819,
772,381,
973,757,
611,603,
914,288,
302,377,
83,59,
624,827,
956,608,
866,89,
94,73,
680,472,
460,132,
842,591,
335,578,
519,212,
387,347,
395,481,
835,227,
162,236,
589,478,
782,68,
340,245,
599,669,
452,458,
450,662,
204,159,
726,87,
493,67,
899,218,
319,532,
525,394,
967,571,
341,40,
438,715,
508,379,
211,825,
395,841,
941,441,
29,31,
758,41,
908,369,
725,333,
281,618,
734,293,
975,230,
365,19,
118,583,
216,674,
602,436,
850,313,
606,326,
912,266,
903,616,
619,610,
333,702,
194,265,
771,46,
467,702,
699,43,
140,382,
573,81,
392,85,
200,794,
328,360,
796,407,
273,668,
832,405,
654,90,
78,471,
601,450,
43,418,
536,380,
60,162,
956,611,
757,384,
41,86,
317,88,
473,334,
817,315,
424,39,
591,647,
928,38,
943,829,
154,822,
800,600,
426,440,
929,529,
736,265,
306,666,
362,656,
678,563,
840,383,
914,380,
78,419,
697,347,
361,260,
449,360,
807,522,
397,133,
28,847,
17,429,
946,715,
30,580,
837,158,
58,123,
440,551,
557,522,
752,477,
853,87,
728,844,
325,627,
32,761,
965,98,
346,375,
308,521,
677,580,
674,836,
345,627,
403,11,
773,553,
286,91,
907,839,
412,91,
81,609,
137,549,
437,676,
456,798,
428,752,
193,285,
735,781,
378,738,
835,141,
598,514,
32,608,
847,408,
150,254,
316,208,
599,221,
829,325,
489,417,
498,183,
568,766,
804,248,
103,376,
649,305,
81,492,
944,6,
837,205,
159,659,
52,745,
411,509,
547,775,
847,476,
776,700,
908,561,
278,275,
491,647,
571,320,
143,62,
592,95,
750,635,
632,468,
26,19,
134,651,
528,599,
173,771,
855,511,
265,840,
548,841,
607,822,
718,785,
872,220,
574,656,
856,363,
536,817,
735,136,
619,756,
797,603,
826,320,
628,256,
710,3,
720,339,
615,212,
668,678,
928,71,
801,787,
265,556,
560,635,
568,664,
161,216,
231,470,
686,540,
68,439,
839,148,
853,353,
551,586,
922,39,
779,153,
424,699,
605,810,
279,137,
250,344,
415,550,
247,403,
248,568,
564,433,
731,108,
118,780,
84,27,
31,565,
863,509,
463,522,
909,9,
25,102,
762,758,
927,21,
382,628,
260,231,
522,211,
139,672,
692,234,
414,240,
303,462,
468,358,
673,334,
914,434,
8,218,
811,503,
275,820,
88,801,
824,36,
880,675,
143,534,
836,831,
971,600,
566,294,
340,838,
889,857,
27,32,
691,503,
453,13,
39,171,
980,448,
951,292,
922,99,
664,174,
75,743,
743,473,
425,40,
486,827,
409,603,
749,724,
587,731,
366,356,
339,783,
56,451,
688,762,
604,844,
459,683,
800,672,
405,743,
956,387,
154,796,
542,589,
640,283,
365,637,
363,318,
975,206,
456,296,
686,223,
540,521,
880,93,
103,241,
798,338,
14,101,
172,436,
703,228,
620,633,
246,478,
945,257,
385,158,
687,725,
857,213,
861,609,
3,365,
899,37,
207,37,
526,782,
221,533,
538,380,
556,147,
612,738,
204,406,
707,603,
54,16,
395,695,
909,291,
981,572,
530,572,
265,401,
440,705,
891,713,
535,665,
687,557,
359,696,
613,290,
759,172,
528,385,
631,597,
434,653,
543,486,
185,576,
981,214,
48,725,
762,412,
93,453,
558,675,
924,623,
923,551,
295,609,
683,787,
517,361,
519,206,
948,57,
30,835,
924,515,
240,511,
286,290,
209,126,
971,306,
889,700,
817,812,
315,9,
43,427,
785,70,
783,572,
815,631,
566,275,
519,613,
333,241,
192,147,
682,779,
720,28,
448,210,
471,807,
913,564,
114,547,
891,551,
266,105,
880,413,
323,483,
563,565,
27,151,
168,294,
610,132,
233,713,
164,64,
34,356,
636,496,
867,629,
910,778,
775,477,
668,413,
947,598,
952,137,
515,623,
108,102,
755,673,
812,477,
562,739,
289,457,
75,230,
771,617,
402,609,
506,232,
667,601,
526,809,
57,477,
805,486,
33,675,
479,578,
525,714,
41,839,
955,769,
727,220,
27,261,
299,676,
793,829,
311,470,
693,287,
821,190,
883,203,
218,685,
348,11,
879,515,
239,743,
954,131,
76,352,
755,466,
415,245,
653,622,
666,99,
228,460,
444,600,
520,783,
603,403,
545,604,
471,100,
391,739,
757,403,
427,37,
558,710,
322,98,
77,708,
623,535,
487,262,
901,374,
399,438,
407,141,
631,261,
476,593,
921,631,
957,427,
362,158,
271,64,
568,93,
209,424,
93,376,
5,449,
506,723,
268,12,
847,800,
336,801,
35,25,
556,185,
548,470,
612,131,
66,324,
11,623,
57,469,
136,480,
812,541,
96,735,
126,560,
102,109,
608,168,
20,476,
35,431,
834,124,
422,621,
59,386,
889,542,
503,814,
673,395,
41,92,
974,350,
456,158,
769,94,
944,799,
259,668,
663,175,
951,291,
930,781,
103,238,
183,73,
249,665,
117,800,
292,774,
245,504,
758,569,
417,575,
925,688,
555,734,
737,355,
730,768,
154,363,
351,64,
806,820,
496,188,
706,785,
761,695,
610,185,
796,562,
757,724,
854,543,
300,64,
773,201,
677,784,
522,225,
426,848,
667,177,
18,783,
47,552,
728,684,
144,742,
124,568,
343,723,
518,26,
825,839,
949,185,
170,7,
664,69,
443,353,
770,826,
107,384,
325,711,
978,271,
750,354,
903,779,
427,432,
87,169,
95,183,
460,736,
387,698,
394,370,
294,695,
235,141,
736,806,
284,388,
614,242,
394,119,
195,580,
141,292,
87,236,
929,76,
322,149,
883,151,
499,532,
348,733,
823,319,
217,735,
835,661,
88,637,
164,853,
447,744,
560,805,
795,561,
634,79,
309,97,
829,12,
444,170,
199,603,
969,259,
327,609,
113,808,
20,729,
710,468,
350,751,
4,763,
153,594,
775,422,
385,519,
810,701,
514,220,
73,713,
488,566,
104,779,
68,758,
924,618,
8,688,
401,184,
44,614,
572,592,
923,514,
576,303,
348,215,
235,262,
739,852,
374,805,
192,351,
688,286,
342,551,
21,649,
933,149,
924,785,
839,667,
721,393,
975,340,
557,794,
28,603,
436,641,
729,567,
746,285,
405,781,
141,533,
876,522,
786,670,
716,555,
296,269,
884,9,
272,854,
842,581,
286,149,
289,100,
203,607,
375,10,
311,409,
930,213,
320,102,
197,184,
709,175,
677,235,
747,643,
758,78,
840,61,
28,6,
383,313,
795,367,
514,245,
735,305,
862,592,
45,224,
96,804,
35,645,
10,418,
752,679,
184,539,
304,52,
911,602,
75,77,
239,380,
25,1,
358,249,
841,327,
153,629,
746,600,
845,569,
231,718,
875,638,
610,5,
41,447,
944,490,
570,212,
548,529,
271,103,
374,38,
134,825,
537,613,
552,606,
470,787,
646,638,
155,669,
29,90,
122,777,
546,290,
129,631,
500,419,
635,742,
621,716,
761,117,
834,451,
789,434,
524,139,
690,374,
21,14,
93,75,
942,403,
398,670,
460,88,
503,819,
749,86,
921,316,
526,322,
978,602,
538,614,
62,294,
842,58,
555,204,
914,508,
189,339,
976,105,
562,492,
617,176,
515,743,
545,187,
740,478,
908,778,
858,500,
911,634,
967,451,
490,46,
47,639,
208,367,
851,808,
830,824,
454,159,
645,461,
916,690,
505,625,
969,124,
324,644,
400,629,
71,1,
943,718,
676,773,
861,211,
225,7,
389,680,
881,268,
779,466,
655,714,
901,785,
347,459,
631,749,
806,180,
28,243,
361,567,
421,1,
133,299,
866,238,
843,725,
622,745,
227,400,
941,10,
165,633,
392,84,
88,694,
241,751,
183,292,
741,11,
644,596,
719,413,
303,10,
822,230,
556,803,
796,574,
109,849,
843,3,
88,596,
686,741,
618,110,
398,708,
632,434,
201,680,
36,122,
158,674,
721,775,
758,603,
197,92,
504,85,
366,799,
103,318,
454,458,
313,730,
889,825,
415,702,
323,646,
311,820,
563,105,
975,37,
380,844,
117,192,
496,632,
33,456,
691,451,
689,611,
414,149,
760,473,
666,661,
378,236,
37,443,
350,187,
799,124,
420,164,
759,113,
155,430,
52,605,
798,813,
311,754,
885,454,
870,601,
890,781,
329,122,
621,146,
432,645,
545,293,
637,698,
794,582,
615,645,
920,543,
979,797,
936,233,
901,602,
474,27,
688,68,
559,76,
840,238,
191,220,
338,188,
533,527,
677,471,
731,327,
891,712,
761,564,
765,292,
184,480,
465,391,
101,11,
749,717,
312,351,
451,662,
444,739,
92,32,
849,553,
584,694,
365,853,
899,427,
239,780,
479,724,
259,770,
325,245,
941,545,
948,718,
815,372,
452,223,
794,487,
731,426,
619,507,
651,436,
727,42,
487,427,
252,269,
400,849,
820,56,
359,492,
172,602,
947,415,
742,845,
627,33,
690,486,
117,172,
684,460,
326,650,
858,740,
722,493,
806,106,
330,114,
110,61,
409,180,
181,141,
861,205,
393,226,
230,188,
57,472,
187,203,
804,364,
267,649,
517,348,
411,483,
280,336,
463,658,
815,673,
382,53,
979,340,
469,625,
836,761,
315,372,
459,373,
917,643,
577,226,
765,648,
206,363,
1,524,
23,851,
732,604,
261,746,
822,126,
878,710,
274,698,
196,750,
491,588,
557,731,
707,336,
339,515,
687,587,
607,114,
394,452,
878,702,
845,378,
715,318,
860,475,
289,170,
130,355,
171,441,
359,76,
413,188,
292,323,
821,313,
91,615,
417,753,
180,235,
366,774,
567,666,
865,815,
546,442,
868,307,
313,32,
303,743,
817,565,
521,190,
327,662,
795,660,
409,603,
264,706,
359,579,
718,581,
530,637,
692,742,
472,290,
859,24,
704,579,
396,82,
924,115,
690,126,
292,627,
742,382,
165,56,
328,76,
52,411,
485,87,
571,50,
181,641,
192,367,
685,590,
659,97,
533,526,
903,686,
399,42,
844,728,
114,492,
355,691,
634,623,
741,344,
399,439,
470,303,
870,312,
688,235,
496,386,
811,364,
185,28,
799,645,
871,498,
336,828,
712,416,
871,211,
181,794,
26,401,
226,619,
815,467,
638,855,
681,839,
856,847,
231,407,
878,278,
214,645,
377,23,
530,100,
498,425,
743,844,
664,17,
915,749,
837,386,
607,706,
313,215,
490,268,
35,784,
248,695,
350,190,
654,809,
227,661,
431,539,
785,282,
276,327,
754,102,
790,163,
543,131,
854,682,
111,697,
560,48,
679,799,
358,369,
529,314,
329,595,
41,429,
40,801,
852,245,
664,322,
123,44,
167,489,
524,192,
398,339,
683,662,
206,284,
4,692,
779,661,
131,131,
940,464,
869,634,
360,523,
129,534,
388,140,
706,541,
824,102,
18,266,
573,794,
611,504,
593,511,
780,259,
877,434,
868,106,
90,163,
403,292,
277,291,
312,264,
952,722,
195,406,
354,231,
699,54,
398,473,
91,786,
883,810,
843,268,
282,412,
220,323,
116,378,
787,81,
239,713,
225,217,
954,671,
208,189,
510,211,
152,694,
354,439,
935,841,
247,673,
931,55,
234,797,
917,698,
631,361,
120,815,
232,561,
765,96,
56,841,
833,224,
979,67,
34,528,
324,742,
311,171,
466,152,
208,349,
466,742,
165,485,
166,429,
704,424,
248,647,
87,692,
667,737,
122,346,
315,772,
277,287,
756,69,
935,55,
546,455,
203,318,
566,142,
449,32,
810,6,
647,463,
145,69,
675,294,
577,733,
831,351,
85,651,
517,175,
158,517,
698,605,
657,187,
645,559,
405,432,
121,801,
428,455,
159,792,
928,679,
594,75,
812,704,
342,601,
582,69,
487,690,
884,202,
213,537,
282,707,
210,96,
303,529,
360,158,
712,22,
687,261,
935,649,
70,469,
773,851,
604,586,
24,250,
461,403,
124,543,
229,555,
283,732,
152,375,
237,285,
741,832,
924,772,
631,651,
472,335,
145,257,
615,774,
524,163,
65,46,
575,27,
224,105,
682,655,
860,466,
967,59,
312,677,
980,746,
813,853,
874,640,
831,390,
629,113,
191,329,
83,781,
980,301,
563,811,
62,105,
213,468,
849,632,
43,320,
660,115,
324,378,
609,87,
493,786,
979,213,
945,146,
449,635,
865,440,
339,445,
605,50,
33,37,
124,154,
772,169,
727,513,
584,225,
209,94,
967,167,
977,438,
198,596,
56,536,
394,472,
116,354,
977,50,
489,258,
844,624,
525,429,
559,165,
664,726,
199,116,
68,137,
202,222,
850,706,
458,623,
977,447,
745,596,
382,206,
604,778,
286,409,
180,715,
318,95,
276,721,
473,794,
475,771,
331,696,
548,711,
410,706,
575,621,
915,781,
877,527,
760,842,
824,370,
336,332,
288,62,
491,376,
173,240,
45,355,
134,226,
579,400,
737,133,
115,462,
47,127,
13,380,
856,300,
251,591,
289,396,
19,576,
219,300,
124,779,
21,627,
968,270,
624,545,
487,682,
748,831,
823,203,
708,277,
242,352,
912,87,
853,275,
142,559,
981,79,
19,441,
390,720,
274,180,
879,733,
26,747,
28,204,
864,333,
877,350,
344,79,
279,191,
740,670,
881,360,
193,540,
627,293,
489,161,
80,523,
388,443,
458,257,
902,128,
493,743,
654,500,
57,827,
708,225,
957,699,
267,518,
552,645,
735,735,
256,127,
430,586,
765,231,
918,417,
919,380,
88,820,
507,481,
889,59,
886,527,
281,232,
637,438,
79,530,
727,489,
407,476,
956,101,
980,664,
162,175,
862,699,
349,294,
276,450,
696,555,
93,803,
599,217,
519,610,
883,606,
430,552,
619,405,
474,337,
151,101,
894,725,
199,448,
47,89,
541,686,
40,166,
981,566,
810,550,
363,76,
69,400,
452,714,
953,80,
498,407,
783,490,
847,368,
238,40,
14,255,
247,440,
203,835,
728,286,
52,9,
433,838,
514,366,
207,800,
499,467,
631,192,
219,449,
482,675,
729,297,
737,220,
701,629,
59,382,
165,655,
537,116,
295,540,
408,349,
822,193,
258,13,
869,573,
719,849,
954,571,
786,622,
559,753,
297,795,
865,797,
41,147,
205,409,
807,357,
833,658,
491,616,
959,395,
463,648,
562,588,
578,809,
462,263,
939,801,
45,846,
123,431,
824,333,
152,633,
544,605,
774,842,
439,735,
663,823,
354,717,
209,145,
502,523,
477,132,
79,291,
859,609,
543,131,
197,843,
244,594,
243,814,
480,797,
641,341,
505,9,
232,581,
610,120,
378,791,
844,148,
859,682,
610,448,
174,76,
388,683,
548,151,
764,374,
736,199,
514,648,
933,105,
967,108,
314,449,
160,158,
473,757,
130,638,
532,568,
650,585,
335,60,
447,76,
580,817,
291,224,
176,158,
871,2,
585,233,
299,409,
284,394,
924,460,
382,825,
933,1,
838,736,
663,140,
41,22,
273,510,
141,464,
313,759,
167,314,
90,589,
26,193,
832,731,
297,754,
639,308,
543,698,
977,123,
46,360,
715,504,
536,629,
123,408,
38,575,
968,807,
885,175,
115,94,
485,138,
669,758,
29,50,
366,495,
634,472,
226,440,
741,564,
186,465,
212,719,
755,386,
27,52,
927,841,
956,144,
99,800,
253,366,
789,691,
323,507,
315,605,
376,493,
818,392,
212,844,
435,548,
323,730,
666,477,
118,819,
22,560,
643,683,
971,463,
105,21,
339,789,
696,532,
466,661,
879,540,
806,800,
99,726,
596,809,
828,75,
589,719,
426,622,
372,675,
937,158,
344,485,
860,472,
171,392,
538,796,
536,267,
296,541,
396,793,
640,613,
437,421,
810,720,
419,90,
361,380,
4,466,
585,504,
645,596,
910,71,
75,102,
708,709,
460,483,
241,197,
857,213,
433,339,
157,350,
640,18,
241,363,
313,616,
658,25,
965,481,
744,549,
607,267,
897,85,
789,142,
124,380,
205,170,
220,248,
516,323,
741,670,
129,397,
735,672,
410,492,
874,268,
884,771,
25,547,
464,61,
718,174,
537,730,
483,422,
825,506,
644,540,
387,726,
665,765,
475,578,
77,304,
728,445,
66,787,
771,367,
281,87,
246,216,
458,170,
180,211,
863,595,
892,624,
154,242,
90,525,
97,34,
331,235,
227,54,
342,798,
506,220,
55,710,
813,598,
22,610,
756,608,
667,477,
829,491,
345,437,
359,206,
747,222,
294,302,
635,286,
949,189,
657,831,
300,497,
376,758,
967,183,
765,362,
140,621,
549,679,
68,649,
757,305,
8,252,
122,552,
391,561,
963,290,
462,803,
336,740,
770,479,
424,463,
343,355,
542,738,
885,675,
716,95,
646,706,
269,635,
281,854,
316,734,
542,602,
698,184,
226,609,
467,444,
476,131,
63,841,
340,385,
631,322,
191,432,
541,771,
81,76,
573,791,
209,269,
483,595,
666,521,
958,286,
690,573,
235,598,
346,302,
218,503,
716,69,
730,753,
54,462,
836,692,
878,563,
511,489,
111,712,
926,525,
263,225,
143,581,
923,595,
706,225,
651,67,
626,506,
429,340,
903,651,
976,44,
332,579,
927,567,
440,834,
886,772,
734,325,
299,632,
859,641,
587,174,
243,749,
332,40,
784,72,
319,143,
533,366,
278,378,
166,615,
524,33,
930,594,
124,278,
447,696,
511,34,
805,652,
829,91,
831,519,
517,632,
386,282,
799,24,
882,282,
485,202,
641,707,
279,255,
598,168,
298,482,
454,252,
787,378,
351,429,
609,318,
586,397,
410,791,
968,74,
262,466,
88,730,
247,369,
128,748,
684,705,
671,840,
327,676,
624,374,
78,611,
608,464,
720,36,
498,332,
28,680,
449,243,
81,371,
953,504,
796,652,
50,198,
678,777,
775,512,
40,512,
672,261,
483,547,
795,671,
683,71,
72,141,
21,402,
393,171,
19,514,
822,446,
242,838,
873,60,
722,331,
325,647,
601,4,
113,531,
862,220,
953,74,
51,123,
973,70,
902,653,
173,134,
111,787,
552,511,
446,205,
856,801,
974,828,
265,220,
470,308,
100,298,
60,693,
689,348,
154,56,
356,131,
570,813,
960,228,
19,301,
368,614,
561,215,
887,235,
552,645,
85,640,
111,193,
11,83,
247,316,
184,299,
45,571,
12,241,
506,448,
457,540,
744,806,
405,414,
684,295,
108,29,
463,680,
894,831,
87,126,
805,832,
432,11,
146,498,
439,444,
903,339,
136,611,
587,659,
902,321,
769,100,
737,28,
16,686,
275,746,
95,524,
337,627,
579,284,
376,814,
941,481,
600,743,
476,170,
480,800,
235,12,
887,10,
940,735,
91,754,
665,712,
277,841,
422,456,
482,597,
605,195,
254,249,
186,314,
384,304,
658,566,
444,347,
439,122,
958,597,
153,299,
677,322,
277,747,
653,181,
683,267,
796,195,
861,84,
632,104,
26,221,
52,80,
785,361,
26,310,
87,224,
584,42,
162,428,
316,783,
280,182,
16,753,
379,490,
708,545,
473,732,
531,85,
841,260,
90,180,
213,194,
247,566,
725,486,
380,731,
248,493,
496,707,
95,514,
327,596,
302,163,
567,60,
265,29,
553,44,
266,382,
209,12,
657,454,
477,149,
94,22,
50,236,
135,485,
613,706,
348,368,
181,209,
807,622,
483,238,
588,571,
263,15,
650,669,
809,47,
833,651,
31,67,
804,31,
941,352,
247,545,
380,601,
457,118,
975,430,
154,429,
500,784,
893,2,
482,820,
897,417,
819,373,
839,496,
681,503,
776,766,
311,91,
971,78,
985,149,
6,296,
477,219,
744,828,
481,285,
57,797,
478,502,
547,88,
360,381,
473,504,
432,212,
299,22,
966,465,
757,530,
907,222,
190,693,
180,321,
751,852,
610,494,
564,144,
432,487,
975,703,
928,745,
135,472,
908,148,
38,599,
322,824,
598,152,
311,559,
184,623,
161,184,
468,628,
284,51,
839,739,
647,333,
682,288,
317,669,
149,848,
404,655,
638,13,
377,323,
434,109,
593,655,
34,160,
540,772,
384,443,
779,788,
834,691,
340,613,
243,18,
489,593,
44,522,
139,87,
785,9,
260,391,
799,31,
161,461,
921,600,
578,512,
979,275,
542,13,
809,317,
101,561,
798,787,
376,25,
107,597,
32,659,
96,470,
702,341,
455,232,
87,493,
917,178,
612,770,
350,402,
15,457,
423,459,
597,379,
85,333,
607,518,
449,644,
531,312,
982,116,
697,632,
274,741,
360,851,
552,142,
171,64,
872,165,
407,542,
324,227,
166,588,
265,27,
552,109,
864,503,
508,12,
829,105,
445,422,
229,363,
199,31,
15,392,
406,608,
623,445,
397,801,
43,357,
44,681,
694,634,
851,172,
188,100,
943,578,
875,103,
239,648,
556,635,
327,215,
726,133,
158,204,
941,716,
766,470,
409,223,
330,343,
479,755,
391,513,
212,641,
762,41,
742,322,
171,112,
241,53,
238,759,
781,148,
517,213,
795,50,
424,673,
689,366,
860,52,
867,422,
821,597,
685,818,
118,546,
963,820,
395,130,
914,694,
686,734,
777,321,
29,456,
420,83,
322,116,
277,154,
696,180,
42,101,
53,191,
881,119,
263,310,
931,675,
572,587,
222,551,
803,243,
422,734,
869,595,
115,337,
599,761,
82,311,
846,50,
38,836,
855,581,
972,534,
235,574,
86,73,
592,91,
888,493,
263,103,
82,265,
340,692,
984,172,
565,697,
410,385,
976,360,
201,314,
929,296,
393,602,
212,129,
420,97,
276,177,
474,702,
120,131,
881,307,
725,419,
924,15,
210,293,
535,838,
939,27,
134,153,
913,722,
177,424,
719,787,
732,216,
901,521,
953,269,
682,518,
361,378,
569,236,
508,149,
736,599,
32,685,
548,850,
569,677,
117,675,
572,65,
890,80,
364,91,
314,2,
781,49,
461,578,
336,196,
692,752,
250,4,
634,846,
822,158,
159,635,
806,556,
495,352,
806,707,
19,256,
787,776,
746,339,
253,171,
384,392,
619,52,
572,168,
941,668,
153,357,
234,491,
494,428,
479,336,
798,319,
264,719,
410,207,
104,386,
494,419,
701,4,
752,794,
913,130,
741,433,
245,417,
901,105,
646,540,
298,172,
947,614,
68,244,
915,655,
587,229,
218,367,
520,404,
33,169,
504,194,
560,234,
325,691,
733,506,
291,592,
229,266,
365,633,
603,595,
680,696,
984,734,
406,688,
733,202,
893,23,
181,692,
748,70,
353,277,
366,738,
738,334,
570,254,
232,55,
103,563,
952,495,
420,258,
21,501,
249,567,
873,268,
534,571,
770,705,
493,305,
864,299,
448,736,
926,75,
300,128,
532,219,
338,201,
231,87,
107,38,
865,807,
567,244,
355,690,
499,258,
42,364,
424,47,
320,274,
121,814,
284,645,
613,755,
229,854,
195,619,
640,508,
507,81,
402,315,
197,855,
648,780,
715,442,
568,12,
855,696,
283,674,
119,822,
81,390,
349,711,
896,271,
150,107,
619,261,
558,594,
155,567,
482,615,
395,328,
636,402,
157,685,
857,299,
430,812,
472,601,
979,352,
824,282,
380,648,
111,693,
533,829,
920,591,
864,175,
247,502,
918,703,
214,72,
172,501,
187,198,
844,853,
352,669,
984,856,
582,220,
893,544,
160,681,
368,82,
829,26,
241,239,
233,141,
499,809,
442,341,
440,56,
129,323,
115,62,
610,462,
267,460,
465,374,
872,180,
823,806,
963,317,
67,21,
750,678,
318,799,
770,200,
897,774,
69,187,
46,420,
249,305,
661,775,
453,643,
102,845,
709,187,
364,560,
857,761,
512,181,
129,190,
910,559,
215,212,
290,50,
45,814,
791,507,
285,800,
851,430,
859,215,
402,679,
531,818,
516,760,
80,186,
756,69,
61,549,
516,323,
914,800,
121,813,
19,390,
89,95,
175,425,
74,1,
362,397,
312,16,
448,512,
223,12,
381,153,
556,665,
743,519,
402,293,
842,757,
802,7,
195,586,
822,80,
678,508,
625,254,
449,297,
83,598,
344,807,
619,378,
941,128,
571,367,
665,729,
666,606,
535,746,
653,36,
550,151,
939,769,
914,114,
209,833,
477,419,
758,37,
255,348,
256,330,
464,541,
347,571,
612,597,
372,630,
2,308,
623,143,
880,516,
170,462,
605,268,
511,633,
114,540,
650,750,
770,65,
441,721,
570,173,
263,199,
114,656,
906,105,
40,313,
193,409,
967,137,
534,359,
674,808,
847,551,
389,110,
220,304,
545,509,
593,751,
447,264,
120,437,
949,286,
172,186,
525,305,
131,663,
251,110,
340,437,
629,298,
382,133,
561,148,
298,382,
46,703,
952,127,
92,510,
605,352,
763,419,
830,421,
748,433,
311,614,
797,95,
594,48,
81,278,
692,689,
951,634,
742,329,
299,116,
579,42,
800,364,
463,405,
635,63,
623,399,
286,550,
589,311,
70,387,
339,126,
111,106,
786,275,
703,753,
762,5,
103,597,
871,620,
897,830,
698,791,
974,607,
712,108,
934,140,
885,453,
651,100,
717,655,
838,155,
116,564,
709,523,
534,646,
526,679,
5,614,
985,216,
358,824,
353,106,
258,832,
122,738,
192,513,
695,616,
339,742,
862,815,
378,5,
224,331,
945,767,
525,357,
199,592,
952,800,
531,850,
196,809,
152,471,
753,771,
290,516,
287,329,
56,130,
340,144,
907,106,
792,836,
110,647,
187,430,
598,614,
9,42,
127,607,
909,190,
212,65,
215,689,
856,421,
579,600,
523,724,
47,203,
476,822,
576,491,
574,255,
38,373,
346,803,
842,440,
137,815,
754,62,
409,773,
568,118,
982,650,
267,202,
89,116,
410,23,
486,626,
259,176,
532,3,
466,511,
698,806,
83,814,
921,603,
812,369,
799,514,
568,824,
2,394,
134,653,
827,647,
547,249,
630,479,
175,682,
202,20,
728,666,
835,369,
396,563,
859,445,
101,554,
618,141,
394,646,
445,553,
526,374,
201,533,
609,648,
164,473,
349,516,
826,445,
926,614,
85,332,
467,611,
773,682,
35,549,
295,747,
741,823,
606,60,
300,460,
44,128,
306,403,
373,793,
890,280,
26,412,
28,535,
508,827,
248,166,
485,675,
837,315,
534,2,
532,239,
225,74,
918,131,
718,823,
658,720,
172,856,
652,60,
765,82,
646,557,
636,87,
277,638,
211,232,
909,404,
256,774,
211,620,
671,134,
482,618,
498,481,
689,626,
883,401,
265,35,
562,33,
893,287,
506,780,
657,123,
824,788,
542,553,
780,71,
366,83,
255,812,
592,723,
21,116,
753,190,
398,541,
262,757,
146,302,
395,796,
257,60,
244,802,
406,138,
630,384,
427,270,
5,854,
713,167,
739,771,
564,72,
516,513,
731,462,
854,810,
513,628,
344,470,
683,471,
593,29,
920,65,
511,467,
392,385,
863,853,
108,173,
972,451,
355,600,
298,219,
305,678,
770,484,
909,459,
288,655,
578,58,
137,189,
981,814,
651,201,
114,829,
815,498,
152,92,
861,569,
907,502,
42,241,
541,103,
982,588,
109,449,
107,462,
408,727,
927,406,
662,130,
28,480,
830,533,
776,758,
631,308,
508,545,
778,41,
505,712,
748,182,
918,29,
486,12,
672,87,
618,682,
889,504,
617,296,
739,505,
451,291,
789,361,
965,213,
183,841,
749,25,
453,50,
559,211,
667,805,
799,24,
850,827,
553,842,
530,397,
421,735,
942,418,
74,333,
776,463,
694,694,
48,6,
722,765,
493,838,
636,352,
151,412,
614,311,
215,776,
928,258,
463,343,
240,622,
201,538,
606,786,
162,219,
87,469,
844,796,
731,81,
633,44,
539,755,
761,107,
919,264,
743,382,
895,568,
120,856,
628,94,
671,158,
357,217,
820,783,
899,736,
721,229,
372,199,
969,676,
648,816,
466,143,
650,621,
205,257,
86,439,
252,848,
87,633,
411,735,
447,376,
866,163,
605,637,
196,649,
81,171,
51,594,
251,371,
974,281,
732,323,
845,854,
193,813,
840,632,
10,4,
713,661,
134,683,
867,329,
432,460,
252,584,
333,696,
314,747,
474,582,
168,595,
114,237,
125,729,
657,307,
868,298,
529,179,
571,741,
306,140,
74,44,
48,236,
732,661,
824,134,
950,760,
392,220,
559,179,
912,829,
401,695,
799,646,
595,569,
557,553,
398,429,
208,221,
423,548,
517,824,
134,473,
665,181,
753,27,
523,591,
825,304,
526,476,
257,4,
873,651,
409,137,
554,287,
763,604,
639,405,
373,799,
481,443,
530,282,
246,462,
864,617,
311,90,
73,246,
631,712,
69,684,
530,401,
472,163,
858,120,
378,547,
445,56,
174,109,
529,134,
200,709,
862,823,
777,180,
267,399,
175,131,
644,431,
153,702,
355,589,
820,227,
199,194,
985,751,
609,620,
813,625,
286,248,
292,53,
96,210,
33,250,
450,514,
122,31,
10,755,
821,494,
316,469,
875,574,
239,112,
157,744,
231,623,
325,125,
639,117,
367,523,
868,729,
144,117,
235,29,
534,220,
686,96,
313,717,
446,476,
366,525,
138,777,
575,628,
444,71,
357,36,
529,352,
525,769,
736,540,
580,852,
539,157,
446,608,
486,642,
730,409,
27,833,
252,542,
6,849,
143,453,
84,334,
785,722,
836,692,
433,609,
389,354,
872,852,
394,785,
815,854,
173,431,
258,823,
275,661,
144,818,
383,167,
15,313,
897,787,
168,486,
852,741,
590,287,
424,626,
26,154,
637,741,
411,496,
128,320,
643,842,
754,520,
901,781,
936,553,
290,614,
708,205,
633,416,
410,124,
595,455,
3,237,
468,778,
765,51,
762,366,
847,602,
126,412,
200,839,
618,142,
168,374,
584,639,
164,693,
551,109,
783,623,
489,843,
805,373,
604,324,
62,449,
638,664,
538,353,
957,323,
215,68,
976,773,
868,42,
220,851,
524,409,
895,626,
19,548,
183,366,
130,649,
874,812,
791,89,
226,396,
311,212,
644,698,
913,303,
281,74,
324,378,
3,190,
8,519,
917,308,
424,709,
577,407,
628,724,
311,562,
358,214,
317,783,
548,439,
158,284,
208,853,
504,264,
357,358,
647,779,
892,49,
381,292,
451,33,
667,450,
525,222,
545,271,
327,462,
733,288,
314,506,
472,67,
63,495,
143,90,
824,777,
217,426,
194,132,
705,489,
719,608,
555,489,
105,704,
864,739,
735,684,
133,533,
243,375,
87,568,
771,689,
17,176,
113,796,
724,32,
147,548,
66,622,
88,524,
146,628,
188,57,
849,392,
436,135,
297,771,
856,145,
156,839,
876,343,
709,746,
742,129,
890,665,
353,719,
955,185,
391,719,
408,8,
534,676,
60,367,
270,84,
944,198,
771,532,
779,134,
760,700,
305,646,
174,120,
193,747,
710,166,
99,382,
141,352,
539,709,
239,34,
346,139,
356,388,
670,440,
80,456,
173,162,
475,541,
390,251,
718,842,
742,790,
773,286,
955,195,
869,19,
378,686,
792,29,
247,666,
266,336,
69,472,
911,481,
72,613,
336,159,
81,571,
593,621,
363,643,
715,700,
784,60,
851,411,
357,279,
102,790,
133,493,
203,374,
371,501,
658,118,
755,729,
547,388,
967,405,
353,1,
175,594,
135,27,
683,136,
621,282,
938,629,
700,779,
35,602,
555,295,
298,673,
161,778,
338,760,
539,549,
730,370,
436,76,
483,286,
56,179,
429,19,
11,536,
215,280,
253,775,
216,822,
505,434,
19,455,
595,603,
151,436,
943,536,
329,99,
373,31,
308,173,
890,450,
283,132,
103,182,
102,667,
454,121,
676,702,
643,552,
500,249,
187,421,
153,56,
473,152,
930,255,
785,163,
77,172,
671,703,
420,427,
155,485,
867,76,
316,709,
330,648,
626,515,
193,195,
797,754,
382,682,
287,317,
656,752,
141,134,
286,763,
590,749,
697,471,
214,94,
459,436,
971,627,
617,651,
332,145,
331,258,
871,513,
871,851,
773,664,
870,122,
551,832,
468,23,
943,205,
42,612,
780,615,
647,361,
252,143,
954,43,
862,49,
530,527,
48,219,
853,15,
90,56,
148,588,
197,276,
486,427,
52,460,
344,754,
29,55,
372,754,
535,402,
11,631,
380,71,
69,364,
511,708,
908,18,
387,124,
803,99,
204,171,
643,351,
320,775,
445,29,
825,276,
637,141,
380,360,
30,648,
541,833,
25,50,
882,519,
36,528,
581,162,
477,477,
624,10,
430,129,
94,843,
321,466,
488,578,
655,700,
400,829,
696,23,
604,644,
152,100,
16,591,
356,558,
305,28,
586,566,
352,387,
127,262,
792,734,
340,139,
305,301,
340,645,
470,53,
528,546,
542,138,
646,176,
513,364,
689,211,
174,519,
196,509,
149,532,
607,693,
919,555,
624,511,
301,527,
188,199,
644,674,
886,559,
39,444,
842,284,
196,197,
845,566,
124,267,
197,640,
757,114,
944,598,
376,378,
490,381,
698,366,
951,599,
925,67,
842,853,
249,427,
982,83,
80,811,
533,695,
82,559,
346,628,
350,334,
273,56,
358,72,
731,347,
809,344,
919,36,
745,729,
518,750,
379,591,
229,289,
437,778,
452,140,
344,466,
191,648,
679,368,
48,232,
737,111,
864,761,
212,688,
270,91,
247,836,
512,809,
139,488,
981,749,
680,813,
469,457,
182,502,
767,289,
902,743,
70,109,
139,55,
103,163,
402,196,
476,285,
602,198,
813,353,
36,817,
312,539,
63,600,
863,146,
638,713,
508,248,
690,590,
418,271,
529,63,
75,750,
385,803,
124,244,
919,729,
269,693,
646,638,
541,47,
865,780,
92,733,
707,452,
731,266,
311,534,
658,146,
942,507,
436,222,
738,597,
630,85,
284,552,
539,373,
474,819,
904,622,
913,393,
262,54,
748,585,
167,161,
47,310,
197,709,
515,478,
728,632,
230,792,
683,801,
690,131,
599,12,
903,412,
350,853,
290,249,
290,184,
103,268,
344,266,
58,810,
6,284,
805,517,
550,351,
648,835,
161,724,
448,523,
734,442,
256,807,
40,435,
562,473,
357,175,
257,637,
874,27,
859,553,
918,462,
368,567,
951,703,
790,65,
69,20,
87,142,
426,244,
403,675,
558,607,
622,774,
232,311,
449,183,
114,696,
921,497,
880,613,
91,27,
331,516,
73,247,
122,571,
334,43,
647,732,
355,7,
270,469,
970,41,
10,282,
31,638,
822,229,
857,310,
464,579,
577,705,
264,427,
608,298,
314,120,
313,785,
303,332,
966,762,
195,196,
440,414,
636,326,
752,433,
293,60,
36,819,
647,498,
671,307,
93,179,
487,302,
415,127,
176,774,
457,333,
946,332,
223,673,
289,629,
374,320,
226,503,
886,803,
253,357,
328,687,
607,365,
114,475,
222,80,
784,108,
655,471,
413,827,
823,657,
375,353,
329,207,
646,737,
89,310,
326,164,
706,154,
285,808,
248,574,
710,295,
2,330,
636,223,
352,461,
51,598,
622,346,
109,777,
650,630,
669,280,
95,544,
371,233,
426,592,
821,293,
132,355,
318,241,
325,473,
979,247,
550,156,
504,606,
491,738,
887,733,
21,618,
744,814,
891,353,
814,541,
856,398,
271,83,
254,453,
86,82,
785,140,
200,464,
90,831,
595,165,
808,197,
694,532,
517,570,
952,431,
31,322,
248,26,
240,604,
234,445,
178,65,
48,467,
407,456,
642,629,
917,409,
694,580,
860,316,
79,582,
805,633,
130,542,
300,569,
159,628,
721,223,
263,631,
887,354,
70,653,
787,419,
790,168,
695,252,
760,352,
12,485,
594,519,
944,762,
800,157,
724,324,
963,119,
577,20,
102,371,
813,335,
834,40,
196,112,
788,856,
493,633,
103,73,
789,382,
261,49,
194,378,
389,430,
128,378,
111,650,
241,837,
270,479,
830,141,
317,724,
950,737,
251,575,
198,358,
106,635,
704,412,
284,625,
187,217,
795,570,
349,140,
342,534,
647,838,
725,157,
877,141,
829,568,
711,617,
155,405,
602,545,
317,846,
745,613,
816,243,
808,76,
801,508,
288,212,
808,650,
755,14,
977,745,
257,90,
777,183,
575,337,
659,70,
216,642,
95,115,
611,663,
955,110,
256,502,
693,271,
641,709,
938,826,
452,793,
648,164,
140,780,
544,246,
980,693,
422,307,
364,219,
660,563,
116,546,
643,651,
590,21,
275,729,
36,31,
756,542,
109,355,
173,161,
37,427,
905,788,
559,154,
283,388,
344,853,
447,274,
534,427,
276,662,
919,788,
24,702,
403,148,
659,709,
739,33,
316,646,
105,606,
89,239,
181,289,
622,427,
477,182,
462,747,
344,655,
240,754,
538,454,
377,45,
315,759,
869,548,
153,31,
212,380,
4,5,
693,26,
562,654,
966,659,
464,841,
186,526,
338,120,
524,210,
815,232,
886,290,
598,263,
275,121,
525,818,
725,708,
152,390,
834,385,
28,598,
365,501,
290,630,
113,739,
901,697,
411,131,
315,665,
465,603,
145,807,
884,534,
37,618,
329,394,
549,240,
818,196,
596,102,
712,597,
19,158,
872,19,
470,64,
490,817,
768,589,
391,627,
864,718,
842,294,
64,444,
107,766,
535,219,
693,153,
75,550,
360,514,
537,108,
440,701,
134,786,
132,298,
354,382,
577,642,
916,636,
270,689,
192,742,
694,717,
147,303,
868,137,
501,781,
447,601,
207,180,
489,469,
229,165,
136,241,
547,456,
135,261,
720,531,
711,78,
805,148,
431,329,
706,174,
760,54,
966,647,
675,735,
651,813,
676,599,
474,510,
821,34,
733,9,
559,198,
819,218,
959,534,
886,229,
330,690,
314,734,
445,696,
117,820,
911,393,
167,264,
429,623,
36,691,
477,797,
136,338,
42,416,
912,835,
307,348,
416,611,
930,180,
338,144,
646,618,
365,234,
667,571,
904,847,
400,735,
468,109,
710,56,
837,444,
500,273,
220,173,
788,736,
399,1,
115,354,
666,388,
929,670,
940,677,
174,621,
814,695,
256,852,
69,395,
540,8,
831,205,
31,167,
896,714,
613,192,
454,698,
323,371,
452,714,
24,637,
475,40,
186,703,
297,381,
524,33,
97,207,
659,404,
503,644,
693,226,
26,793,
861,302,
91,98,
48,659,
373,848,
566,486,
490,66,
318,69,
185,186,
472,563,
402,634,
785,170,
407,567,
851,163,
543,835,
955,524,
530,367,
429,434,
950,606,
30,125,
535,833,
695,76,
447,714,
470,661,
894,454,
381,776,
551,42,
387,493,
893,120,
340,636,
857,97,
297,540,
688,216,
480,553,
5,206,
917,241,
799,632,
903,435,
567,217,
408,397,
897,184,
152,291,
872,561,
700,299,
638,655,
217,327,
959,135,
873,726,
103,515,
281,596,
927,127,
351,443,
684,811,
33,204,
599,336,
160,164,
595,17,
544,743,
728,494,
239,315,
113,790,
176,277,
733,383,
631,41,
726,845,
750,203,
40,735,
155,764,
829,849,
38,436,
895,761,
655,438,
853,740,
285,424,
592,554,
658,331,
838,479,
521,106,
575,42,
277,804,
271,826,
965,449,
172,838,
715,704,
30,447,
520,481,
772,485,
158,741,
223,804,
652,482,
221,113,
666,507,
671,21,
725,739,
468,597,
322,649,
893,541,
293,462,
404,412,
616,768,
204,258,
962,764,
481,312,
61,402,
18,736,
572,587,
801,707,
958,22,
373,425,
665,721,
922,740,
326,154,
792,509,
507,359,
57,776,
667,184,
255,334,
471,689,
882,574,
590,365,
401,743,
561,502,
489,500,
444,597,
278,412,
855,459,
547,9,
252,717,
487,832,
272,268,
983,96,
635,29,
913,779,
427,297,
953,815,
60,564,
255,540,
191,585,
917,506,
796,790,
143,719,
685,724,
120,299,
684,735,
930,45,
198,245,
868,359,
246,631,
546,799,
716,56,
519,254,
323,659,
235,525,
315,306,
724,836,
901,143,
57,343,
152,557,
549,444,
189,179,
741,727,
782,710,
558,24,
238,421,
969,849,
771,465,
533,44,
3,114,
523,705,
597,384,
192,6,
823,671,
115,762,
32,106,
624,269,
967,58,
193,592,
553,852,
769,146,
815,852,
823,89,
687,629,
696,30,
266,803,
705,1,
464,814,
336,620,
142,353,
114,553,
60,506,
351,328,
884,473,
841,19,
67,168,
436,304,
943,96,
688,813,
495,181,
262,441,
129,684,
45,336,
193,291,
153,485,
626,401,
129,122,
242,436,
836,214,
942,703,
910,666,
984,390,
266,311,
60,88,
436,695,
674,301,
698,59,
879,87,
686,51,
13,301,
788,56,
898,135,
156,468,
482,13,
917,8,
931,439,
489,297,
332,841,
152,285,
611,643,
183,331,
936,116,
593,48,
184,821,
226,147,
496,592,
331,453,
843,728,
116,336,
404,490,
157,264,
979,820,
431,463,
591,531,
38,276,
264,108,
77,677,
82,768,
758,625,
927,470,
822,369,
110,497,
271,677,
735,200,
447,275,
708,648,
486,403,
909,472,
760,347,
623,731,
178,647,
103,390,
742,407,
675,116,
456,76,
404,587,
110,571,
26,247,
247,481,
180,214,
325,640,
176,720,
929,480,
517,541,
694,186,
741,533,
67,626,
99,600,
218,707,
966,741,
722,380,
239,765,
82,231,
652,688,
922,78,
138,265,
846,569,
611,423,
421,825,
358,715,
963,47,
484,10,
459,192,
885,149,
650,428,
67,723,
562,301,
120,16,
882,746,
672,731,
811,726,
385,720,
778,424,
138,591,
889,422,
543,473,
53,418,
848,655,
166,79,
821,610,
646,385,
975,195,
296,508,
616,528,
4,113,
735,739,
800,452,
88,790,
871,78,
13,184,
562,565,
715,726,
397,512,
559,774,
514,809,
511,775,
121,400,
584,560,
468,521,
159,53,
791,276,
823,363,
424,738,
912,363,
460,21,
616,22,
37,544,
21,787,
177,678,
878,8,
236,537,
159,261,
622,533,
878,342,
942,302,
496,671,
423,285,
517,674,
788,159,
50,596,
448,269,
1,347,
741,553,
165,71,
782,741,
982,595,
439,48,
424,824,
665,234,
751,217,
231,157,
747,577,
590,341,
466,708,
35,336,
302,755,
318,472,
896,597,
23,319,
176,739,
54,694,
562,417,
774,385,
965,4,
246,166,
422,355,
112,602,
620,573,
350,563,
85,500,
153,120,
140,796,
85,67,
983,542,
398,64,
784,194,
808,192,
643,280,
899,841,
199,377,
236,60,
21,135,
869,156,
268,123,
577,727,
119,156,
362,85,
280,574,
126,493,
167,765,
408,236,
131,743,
157,434,
298,78,
314,387,
146,517,
153,566,
879,222,
896,157,
394,463,
930,264,
328,256,
745,745,
937,759,
968,621,
810,652,
947,94,
775,741,
898,182,
508,555,
6,627,
73,261,
86,28,
228,412,
259,778,
533,810,
309,511,
41,608,
123,772,
155,281,
288,530,
245,361,
478,15,
971,602,
585,560,
413,758,
337,411,
429,370,
761,216,
908,747,
174,798,
552,649,
368,752,
979,540,
612,566,
809,689,
488,510,
583,675,
533,59,
451,723,
164,102,
817,192,
907,289,
429,195,
531,213,
705,506,
73,144,
165,843,
808,451,
824,55,
667,811,
354,230,
820,212,
42,346,
147,553,
570,639,
41,93,
620,831,
381,433,
3,417,
42,694,
370,735,
2,122,
101,454,
179,744,
429,122,
614,822,
693,24,
843,654,
403,120,
650,288,
805,433,
803,760,
636,58,
970,30,
89,69,
263,410,
801,683,
652,92,
555,223,
148,510,
151,577,
796,263,
336,557,
696,307,
504,405,
235,91,
214,687,
79,234,
115,831,
450,664,
56,187,
513,276,
970,549,
886,737,
635,475,
765,388,
314,109,
949,313,
25,710,
671,435,
781,597,
834,612,
549,597,
977,748,
834,390,
446,237,
205,31,
787,52,
47,34,
102,74,
285,472,
41,184,
230,106,
522,630,
691,802,
207,97,
135,303,
701,608,
712,793,
882,483,
215,191,
146,338,
127,472,
889,706,
782,254,
437,29,
74,104,
253,218,
436,102,
872,834,
688,432,
818,342,
844,111,
982,254,
471,447,
452,547,
108,3,
915,529,
971,481,
907,664,
392,448,
819,656,
979,160,
470,839,
120,670,
651,788,
203,386,
909,741,
470,721,
670,795,
264,335,
897,394,
587,709,
340,846,
699,240,
273,125,
75,154,
630,577,
965,118,
579,71,
244,173,
255,793,
898,401,
22,487,
498,411,
676,76,
93,837,
560,685,
606,853,
464,584,
218,546,
331,449,
90,658,
593,101,
198,133,
433,251,
782,373,
875,647,
670,407,
320,434,
886,340,
767,765,
132,744,
505,249,
405,480,
11,155,
501,507,
328,264,
282,204,
883,203,
503,839,
489,77,
935,751,
648,54,
889,216,
964,704,
603,592,
291,156,
957,373,
88,515,
898,672,
21,342,
904,291,
643,468,
232,288,
645,595,
500,454,
353,37,
852,576,
15,79,
919,831,
541,234,
113,388,
863,471,
125,844,
624,832,
123,417,
257,393,
280,12,
892,635,
536,55,
674,513,
530,411,
115,351,
476,59,
293,826,
744,127,
256,602,
75,438,
679,245,
593,66,
951,457,
355,778,
298,839,
108,113,
731,107,
12,44,
749,788,
951,582,
165,376,
603,685,
806,242,
965,586,
534,643,
364,188,
591,774,
600,272,
398,736,
67,211,
656,486,
809,203,
553,653,
47,633,
864,154,
53,240,
671,315,
200,231,
186,223,
363,715,
845,588,
374,233,
574,2,
650,36,
501,150,
862,286,
29,831,
982,106,
155,491,
53,501,
710,119,
66,364,
538,748,
591,564,
929,657,
574,173,
321,826,
478,630,
392,554,
757,227,
403,573,
985,185,
800,152,
857,650,
13,602,
545,139,
554,478,
301,494,
717,206,
968,687,
45,574,
389,826,
765,647,
503,434,
228,114,
899,636,
545,544,
824,192,
744,109,
772,811,
152,105,
768,562,
602,762,
729,595,
572,476,
255,597,
892,709,
77,683,
492,151,
154,514,
726,126,
700,433,
245,843,
400,295,
565,158,
790,260,
754,424,
476,826,
19,280,
448,413,
845,466,
479,226,
383,320,
432,394,
121,824,
357,63,
946,311,
849,257,
5,369,
666,115,
907,246,
824,633,
674,581,
886,474,
456,842,
22,551,
86,72,
539,457,
3,207,
348,359,
107,763,
804,775,
110,566,
746,456,
279,642,
558,401,
378,535,
230,276,
792,276,
857,291,
284,532,
206,252,
659,685,
293,29,
17,15,
296,629,
627,124,
335,43,
140,765,
836,474,
774,839,
697,709,
470,358,
261,833,
289,158,
691,44,
662,647,
194,13,
314,664,
387,617,
191,692,
36,538,
893,383,
562,825,
918,488,
80,80,
643,855,
86,651,
410,442,
562,842,
824,751,
10,80,
623,58,
335,661,
292,686,
724,259,
935,225,
331,454,
959,815,
843,603,
79,721,
878,819,
765,500,
791,259,
493,168,
89,747,
224,820,
147,749,
690,570,
490,63,
400,19,
969,603,
147,660,
428,734,
978,226,
513,445,
849,553,
324,496,
351,345,
979,10,
550,403,
24,57,
872,271,
795,393,
885,60,
26,277,
532,443,
566,414,
475,609,
281,202,
579,470,
644,561,
632,611,
745,415,
237,837,
887,15,
811,631,
358,354,
736,392,
494,433,
858,799,
539,445,
644,830,
189,857,
831,490,
652,273,
297,107,
247,551,
586,59,
359,328,
668,174,
727,612,
476,555,
219,528,
68,23,
666,237,
307,737,
49,235,
908,777,
393,725,
513,87,
316,70,
805,55,
75,316,
542,367,
511,355,
425,436,
455,235,
551,282,
70,192,
16,454,
798,773,
602,36,
921,520,
49,389,
311,86,
629,56,
822,166,
736,189,
80,130,
377,84,
186,399,
904,693,
392,596,
228,456,
229,209,
667,567,
16,764,
865,332,
751,170,
131,614,
748,363,
41,69,
336,776,
970,490,
763,535,
